0,Brynn,Anthony,1977/12/25,VCG67KTR8AA
0,Brendan,Morrow,1990/01/30,LBB54BYZ3EF
0,Sopoline,Conley,1977/12/08,OWX61VUS8SE
0,Ivan,Larsen,1997/05/16,JLB26HPD4PN
0,Rose,Munoz,1992/07/15,PXC34NTH5JU
0,Steven,Becker,1974/02/19,AMX12KSP7AL
0,Cassidy,Terry,1987/06/20,SBX50DBC2QR
0,Abel,Abbott,1983/04/16,BBR76FEJ3IQ
0,Kameko,Mcneil,1991/05/25,KXQ11FGX3MV
0,Idona,Durham,1982/02/06,RAU40BEQ2KX
0,Abbot,Kidd,1977/12/12,PZS77STS4TG
0,Tallulah,Conley,1975/11/30,FLD51EIA8DP
0,Len,Snider,1978/10/23,NHJ57HHS8NX
0,Winter,Welch,1974/03/12,UWP75MID5YR
0,Azalia,Jenkins,1998/11/29,JWT37HGW4HV
0,Amery,Palmer,1987/06/26,HBG38XGH0LY
0,Bell,Parker,1978/10/27,AWO54EOK3MB
0,Lila,Durham,1982/03/20,NOW65WDG4LQ
0,Hedley,Logan,1999/01/01,RUS37SFB2NT
0,Keaton,Hanson,1989/11/20,QYL43BPW6XF
0,Janna,Vargas,1990/10/07,HSX97WER3QA
0,Allistair,Ross,1993/07/08,BSR47XHK2MG
0,Dacey,Lucas,1982/08/18,OXT84VAT7VI
0,Gil,Walters,1996/08/18,SJY94ZUA6LR
0,Gillian,Lambert,1987/05/08,GLX69CRK8VL
0,Erich,Gross,1975/12/06,FSH60TYK5AD
0,Judah,Simmons,1980/09/29,IAB75DWO2UP
0,Camilla,Mclean,1981/09/17,GBG35SVX4HB
0,Lucius,Hensley,1992/10/21,TRW41PHV1FX
0,Chaim,Holden,1982/06/03,KYV65YRF0EW
0,Ross,Pearson,1982/04/07,CXO20JJC4YP
0,Alisa,Rush,2000/02/27,QBP83TXM8MW
0,Peter,Ford,1986/03/07,LDS17UCM4YB
0,Cecilia,House,1996/03/14,JPR68UKJ1OV
0,Callum,Carter,1989/01/26,UYF45UTX6LW
0,Kelsey,Joseph,1982/05/25,ODP57CHO2SD
0,Upton,Barnett,1980/11/28,LCL66WSV7RU
0,Moses,Cardenas,1993/09/03,ASS76JPO6ZG
0,Erica,Vinson,1996/01/07,RDN05ZOK4CX
0,Victoria,Hewitt,1970/11/28,VUN41YGG7LU
0,Aurelia,Rivers,1995/01/09,TTQ85EUJ7OD
0,Hope,Torres,1974/01/14,PYP86MMU7FS
0,Tanner,Adams,1997/09/13,VIK32EGU6WH
0,Virginia,Moon,1993/06/10,EWD83UFB4NV
0,Zenia,Boyle,1978/03/21,KEN68VIN3AO
0,Jordan,Osborn,1972/08/22,YST44ECY2IK
0,Garrett,Foster,1982/03/09,BRQ87XUG5GW
0,Shea,Hess,1972/01/24,OHX83STB8WC
0,Daria,Rich,1981/03/07,MTM33JRJ0FY
0,Evan,Reed,1998/11/22,WFN24VXP3DO
0,Zenia,Neal,1992/02/12,HEM54CFV1TT
0,Vivien,Castaneda,1992/02/26,VUP84UMD4RC
0,Lamar,Mcfarland,1972/06/28,OKS05OQN8KS
0,Yoshio,Waters,1981/01/27,BMP28RYM5EE
0,Quemby,Ayers,1989/04/10,MBP58PBI7BE
0,Ali,Rose,1984/05/03,PPV18RDX3LX
0,Solomon,Mathis,1997/08/19,WMG89SOO7EY
0,Tiger,Franklin,1988/07/23,GVW58WOK5ZC
0,Abbot,David,1980/01/09,QQL58PTU6NN
0,Sopoline,Medina,1987/04/24,ITP48NJE2VX
0,Dean,Cervantes,1983/02/14,ABJ18USQ1HM
0,Fleur,Mccray,1990/04/04,WBN52TQG8TV
0,Colette,Cross,1997/02/24,MHQ53KNS7LO
0,Rae,Dorsey,1997/10/10,PSW78RVZ3YX
0,Erasmus,Abbott,1996/11/06,COR27QCD6FT
0,Richard,Molina,1977/08/10,LHN92MSL8TY
0,Astra,Holloway,2000/04/11,TTV03FLL1VX
0,Hanna,Jacobs,1978/10/14,WFJ38BUZ8RC
0,Sylvester,Anthony,2000/03/02,ENQ23NTU1VL
0,Macy,Aguilar,1995/05/02,HDF59KMJ0NQ
0,Jacob,Meadows,1990/04/04,KJT52CLV7EC
0,Nehru,Paul,1986/09/29,SDK98QED6FT
0,Sheila,Mosley,1989/06/19,JSM64ZGC3QV
0,Vernon,Haley,1985/09/16,SRG77USB7IX
